Carrier,Samples,RMSE_Cost_Calibrated,RMSE_Cost_Adaptive,RMSE_Transit_Days
Amazon Logistics,53,20.50468574142365,19.709597343722443,1.4154076160000306
DHL,55,37.971422526010215,46.33173148070385,1.4074690787547242
FedEx,59,20.496370932992615,19.921306745141717,1.3833315507073776
LaserShip,59,21.80608035316356,20.65717025020737,1.200381384620814
OnTrac,59,16.525713600014214,17.38387074331506,1.484989740224219
UPS,50,19.7931901935197,16.191780808587755,1.2100277493995337
USPS,56,19.08730934963304,18.310562849018698,1.2868573676985118
